Date,Black,White,Result,Handicap,Black Old Elo,Black New Elo,Black Elo Change,White Old Elo,White New Elo,White Elo Change
2022-05-11,maboroshi,Chun,W,1,900.0,899.0436878195512489254737926,-0.9563121804487510745262074,2100.0,2100.473198057726475970086227,0.473198057726475970086227
2022-05-11,GodFather,Magic,W,1,900.0,899.0436878195512489254737926,-0.9563121804487510745262074,2100.0,2100.473198057726475970086227,0.473198057726475970086227
2022-05-12,Jak,Sum,B,0,2100.0,2126.371404464251693955663940,26.371404464251693955663940,2100.0,2073.628595535748306044336060,-26.371404464251693955663940
2022-05-16,軒,Bus,W,1,900.0,899.0436878195512489254737926,-0.9563121804487510745262074,2100.0,2100.473198057726475970086227,0.473198057726475970086227
2022-05-16,Chun,Rado,B,0,2100.4731980577267,2126.791584987261343663416406,26.31838692953466688385007330,2100.0,2073.664999474716487612458070,-26.335000525283512387541930
2022-05-16,Bus,GodFather,B,0,2100.4731980577267,2100.879555269920026632524287,0.4063572121933498529579543021,899.0436878195512,898.2214156422438490625056421,-0.8222721773073745208974013489
2022-05-18,Sum,Magic,W,2,2073.6285955357484,2042.638180028428413283122349,-30.99041550732003211668169179,2100.4731980577267,2136.367817260729570335780158,35.89461920300289355621382530
2022-05-20,軒,maboroshi,W,2,899.0436878195512,833.8734655893150017032464332,-65.17022223023622188015661025,899.0436878195512,964.2139100497874454635596537,65.17022223023622188015661025
2022-05-23,Magic,Jak,W,0,2136.3678172607297,2110.512125040579160517379530,-25.85569222015051961148168869,2126.3714044642516,2152.583401065826331930672039,26.21199660157477733047607979
2022-05-24,maboroshi,GodFather,W,0,964.2139100497875,908.2210056278903115425811533,-55.99290442189718906869241855,898.2214156422439,956.7668235081153324734956135,58.54540786587146335830456735
2022-05-26,Sum,Bus,B,0,2042.6381800284285,2070.214316939577935130628863,27.57613691114948423445701005,2100.87955526992,2070.206380096083816726039884,-30.67317517383600296727402756
2022-05-27,軒,Rado,W,1,833.873465589315,832.9156539544252211992341211,-0.9578116348897253562983939490,2073.6649994747163,2074.056507031641036654463093,0.3915075569247402640656188303
2022-05-29,GodFather,Rado,W,0,956.7668235081153,955.6778020550455071730631637,-1.089021453069787143603968380,2074.056507031641,2074.539337158310100858081123,0.4828301266689970360416827258
2022-05-31,Bus,Jak,B,0,2070.2063800960836,2098.501975922387322446536230,28.29559582630367362356740430,2152.5834010658264,2122.193987625299357503946576,-30.38941344052700757997512472
2022-06-01,軒,Chun,W,1,832.9156539544252,832.2130475677943079580404506,-0.7026063866309302676268211631,2126.7915849872616,2127.112440294252792550852813,0.3208553069912344246602730697
2022-06-01,maboroshi,Sum,W,1,908.2210056278903,907.0660567424493907399650684,-1.154948885440958647633621246,2070.214316939578,2070.712336262670497603003637,0.4980193230923861157957027396
2022-06-05,Sum,Rado,W,0,2070.7123362626703,2048.120981422941811726772788,-22.59135483972849385988004224,2074.53933715831,2097.018267403455169295545429,22.47893024514517866808710993
2022-06-06,Bus,Magic,W,0,2098.5019759223874,2077.255844941478799183607713,-21.24613098090857424634820162,2110.512125040579,2135.600944955003819220427468,25.08881991442469766056914586
2022-06-06,GodFather,Chun,W,1,955.6778020550455,954.7495226831628102692134891,-0.9282793718826936791360165629,2127.112440294253,2127.572222846763379320119298,0.4597825525105870923388515898
2022-06-07,maboroshi,Jak,W,2,907.0660567424494,905.9106988807489967087953443,-1.155357861700408028476489865,2122.1939876252995,2122.751477101867343507519385,0.5574894765678016748730299671
2022-06-09,maboroshi,Magic,W,2,905.910698880749,904.8464014107909786651227530,-1.064297469958031066393954689,2135.600944955004,2136.104785004974869445755682,0.5038400499710723691131687249
2022-06-11,Chun,Sum,W,0,2127.5722228467635,2096.432798482323426073850132,-31.13942436444002617922145926,2048.120981422942,2076.940807293645090284691754,28.81982587070319499557800891
2022-06-11,Jak,Rado,B,0,2122.7514771018673,2146.395516300334166344644916,23.64403919846687179447006875,2097.018267403455,2076.621289282816700579809292,-20.39697812063825578593994792
2022-06-12,Chun,Jak,B,0,2096.4327984823235,2121.766413293648622730847787,25.33361481132511713528853271,2146.3955163003343,2117.989066813917113591840213,-28.40644948641717959971381182
2022-06-13,Magic,Rado,B,0,2136.104785004975,2156.880949034545163106677248,20.77616402957023450945609701,2076.6212892828166,2057.870507621603458762716591,-18.75078166121317444104878640
2022-06-13,GodFather,Sum,W,3,954.7495226831628,952.4307917802437387373219731,-2.318730902919070052025791005,2076.940807293645,2077.963566864398845492577249,1.022759570753979343170368860
2022-06-20,maboroshi,Bus,W,3,904.846401410791,902.8091370151449296344371851,-2.037264395646101959834586510,2077.2558449414787,2078.124327237739162362389278,0.8684822962604631785992648059
2022-06-25,Rado,Bus,B,0,2057.8705076216033,2082.428901159826936249820202,24.55839353822359863851560593,2078.124327237739,2054.203500470794321818877143,-23.92082676694485859955275324
2022-06-28,Chun,Magic,W,0,2121.766413293649,2098.858094754556253336409506,-22.90831853909258525302407464,2156.880949034545,2178.706706047944225855178032,21.82575701339901540312619873
2022-06-30,Chun,Bus,W,0,2098.858094754556,2074.051739151740031681089586,-24.80635560281604585138064029,2054.203500470794,2080.501785310321834639755648,26.29828483952773758500592075
2022-07-01,GodFather,Jak,W,4,952.4307917802438,949.8821097831064264589024645,-2.548681997137367705659667710,2117.989066813917,2119.264365326004916440004947,1.275298512088009900188537651
2022-07-04,maboroshi,Rado,W,2,902.809137015145,901.3704251810260168447283119,-1.438711834118966861976494636,2082.428901159827,2083.037247047054048446340366,0.6083458872269566861054587305
2022-07-07,MYKiller,honpan,W,0,2100.0,2073.628595535748306044336060,-26.371404464251693955663940,2100.0,2126.371404464251693955663940,26.371404464251693955663940
2022-07-08,Tracy,maboroshi,W,1,900.0,842.8904650202447693032963484,-57.1095349797552306967036516,901.370425181026,958.4277928695389771002691401,57.05736768851296957854620869
2022-07-09,軒,Bus,W,4,832.2130475677943,829.9214231672377207990891329,-2.291624400556598748740085309,2080.501785310322,2081.429151074904115335433086,0.9273657645823222588508330207
2022-07-09,Walter,Sum,W,0,1700.0,1690.830937177175064058142003,-9.169062822824935941857997,2077.9635668643987,2083.921115855286339593540691,5.957548990887667697343789202
2022-07-09,Rado,Jason,W,4,2083.037247047054,2042.274538799427222981713098,-40.76270824762660166282268195,2100.0,2147.828924182488354526060766,47.828924182488354526060766
2022-07-09,Tommy,Dominic,W,3,1300.0,1294.701815572044627245569344,-5.298184427955372754430656,2100.0,2103.509621901096494119799153,3.509621901096494119799153
2022-07-09,Magic,Chun,B,0,2178.7067060479444,2195.207855831454205486912928,16.50114978350979743128520943,2074.05173915174,2058.190481213656676965422178,-15.86125793808341683737822405
2022-07-10,GodFather,don,W,5,949.8821097831064,945.9113984021939850562416411,-3.970711380912458445068781917,2100.0,2102.031917803888474079764163,2.031917803888474079764163
2022-07-12,Dominic,honpan,W,0,2103.5096219010966,2079.031175173067104002015428,-24.47844672802947567494423563,2126.3714044642516,2150.105801970845408715812309,23.73439750659385411561634979
2022-07-13,Bus,Sum,W,2,2081.429151074904,2049.356161136327455668948756,-32.07298993857652873964404927,2083.921115855286,2115.889227900974904984704556,31.96811204568871609540969325
2022-07-15,maboroshi,Magic,W,7,958.427792869539,953.4841241305543168766861057,-4.943668738984645018473340003,2195.2078558314543,2197.437201731039225017676775,2.229345899584971669620548031
2022-07-17,don,Jason,B,3,2102.0319178038885,2112.727352816506242126981494,10.69543501261772373464028256,2147.828924182488,2137.780147212458476340882382,-10.04877697002973197561698536
2022-07-23,honpan,Magic,W,3,2150.1058019708453,2110.418005049343772455516209,-39.68779692150150508207554639,2197.4372017310393,2234.543678055548255575065123,37.10647632450896074756849007
2022-07-24,Sum,don,W,0,2115.889227900975,2089.833360355093008820448043,-26.05586754588212033918502723,2112.727352816506,2138.894630711915482907028528,26.16727789540945589582774236
2022-07-27,honpan,Sum,W,2,2110.4180050493437,2071.753611806732281373741713,-38.66439324261143791892318742,2089.833360355093,2122.950378365395115142321388,33.11701801030192396822961675
2022-07-30,don,Magic,W,1,2138.8946307119154,2117.524638304203015776756025,-21.36999240771238133759722944,2234.5436780555483,2253.167413576260652776853797,18.62373552071235448778575377
2022-07-31,don,Mike,W,0,2117.524638304203,2105.353282910647364810444375,-12.17135539355574360828850655,2300.0,2309.308325957240975766133952,9.308325957240975766133952
2022-08-02,Bus,Magic,W,0,2049.3561611363275,2038.859843133625616900034090,-10.49631800270188367146269469,2253.1674135762605,2262.643040696085809818510000,9.475627119825295144733075390
2022-08-04,早晨,Tracy,W,0,1700.0,1633.649852945122937910758760,-66.350147054877062089241240,842.8904650202447,948.3337996749420246839087284,105.4433346546972918428161009
2022-08-07,Rado,Chun,W,0,2042.2745387994273,2019.637998043763529802906340,-22.63654075566378893307315743,2058.1904812136568,2080.370436730343970320284919,22.17995551668720325255262957
2022-08-07,Anson,honpan,B,0,2100.0,2124.228698315700616514750200,24.228698315700616514750200,2071.7536118067324,2050.797262163734497035866590,-20.95634964299785436106474533
2022-08-09,Interlude,無敵,W,0,2300.0,2293.170010547034993111436868,-6.829989452965006888563132,2500.0,2504.779296917314902466784422,4.779296917314902466784422
2022-08-09,GodFather,浪叔,W,0,945.911398402194,890.7498579473494977192774241,-55.16154045484448366360200447,900.0,956.8928756102783287261874954,56.8928756102783287261874954
2022-08-13,Sum,Jak,B,0,2122.950378365395,2148.239645990518460965642598,25.28926762512350694897760126,2119.2643653260047,2093.848266537619402071851296,-25.41609878838533376257960720
2022-08-18,Walter 3000,Mike 11,B,0,1300.0,1365.818329893432313782657655,65.818329893432313782657655,1700.0,1642.429387459387192017673580,-57.570612540612807982326420
2022-08-19,Chun,Jak,B,0,2080.370436730344,2103.801356273471858565209993,23.43091954312790459695141840,2093.8482665376196,2070.830258540505434424181140,-23.01800799711413107297136731
2022-08-20,Interlude,honpan,B,0,2293.170010547035,2300.377324159415427519446913,7.207313612380464863703328963,2050.7972621637346,2042.315716024328635590119072,-8.481546139405922681125096282
2022-08-23,Mike,無敵,W,0,2309.308325957241,2302.447950799510918723049115,-6.860375157729949141989920678,2504.7792969173147,2509.605732672365584710017449,4.826435755050888962681076267
2022-08-24,don,Anson,B,0,2105.3532829106475,2132.994702128706592134418151,27.64141921805907020390424750,2124.2286983157005,2097.282734865115106442516567,-26.94596345058540602420280706
2022-08-27,GodFather,Mike 11,W,0,890.7498579473495,883.4563346400774169731323519,-7.293523307272065883092870449,1642.4293874593873,1646.438807966895501397540044,4.009420507508229878022517969
2022-08-29,早晨,Walter 3000,W,0,1633.649852945123,1589.681246823957992785812771,-43.96860612116503692689123931,1365.8183298934323,1421.628365104495828395366590,55.81003521106353638496428309
2022-08-30,Bus,Rado,W,0,2038.8598431336256,2013.806367270984195422484542,-25.05347586264144992806389673,2019.6379980437634,2045.305231635558518710696885,25.66723359179507288945540936
2022-09-02,浪叔,Tracy,W,0,956.8928756102783,904.9499462351749717954484202,-51.94292937510336637661713957,948.333799674942,1000.580647167986112248966840,52.24684749304406959220012361
2022-09-09,Sum,Magic,W,0,2148.2396459905185,2132.202779049063235590549580,-16.03686694145527550779429898,2262.643040696086,2276.208212090359075012482269,13.56517139427328417087489207
2022-09-11,don,無敵,W,0,2132.9947021287066,2129.899529439132860857047640,-3.095172689573788234279922928,2509.605732672366,2511.265007830565214170357480,1.659275158199438954917981575
2022-09-12,Magic,Chun,W,0,2276.208212090359,2245.597401783862023931412343,-30.61081030649718735674737015,2103.801356273472,2143.067792633535927078500687,39.26643636006411636904843044
2022-09-12,Jak,Rado,W,0,2070.8302585405054,2046.353154214651969095419050,-24.47710432585341418468683884,2045.3052316355586,2070.600657839615857073341066,25.29542620405727261572846955
2022-09-13,Bus,Sum,W,0,2013.806367270984,1997.247966599530484526468755,-16.55840067145359848015537739,2132.2027790490633,2149.228180636911130177267038,17.02540158784779229777879335
2022-09-16,Mike,honpan,B,0,2302.447950799511,2308.920053363864908800593469,6.472102564353818064688596583,2042.3157160243286,2034.501564017693317151638714,-7.814152006635277206300723032
2022-09-24,Tracy,GodFather,B,0,1000.5806471679861,1041.780017138944736059998961,41.19936997095867819392528182,883.4563346400774,838.8483175643690553815693660,-44.60801707570838812808431030
2022-10-02,Interlude,Anson,B,0,2300.3773241594154,2308.844891320028314472703199,8.467567160612948461031477065,2097.282734865115,2087.796337385251617061190317,-9.486397479863272483011697804
2022-10-05,Jak,Bus,B,0,2046.353154214652,2066.771675094064067146643508,20.41852087941204479978929810,1997.2479665995304,1975.534820510262937160816785,-21.71314608926746318370309094
2022-10-06,無敵,honpan,B,0,2511.265007830565,2512.214882560253728159089621,0.9498747296886459005447587296,2034.5015640176932,2032.814957033586467682479563,-1.686606984106758877888639627
2022-10-07,Rado,Magic,W,0,2070.600657839616,2058.974010665367004872234124,-11.62664717424890081428032810,2245.597401783862,2256.510230158121920212998507,10.91282837425982357714091001
2022-10-08,Interlude,don,W,0,2308.844891320028,2279.260505552128421572018960,-29.58438576789976066352745008,2129.899529439133,2168.482264008020401099613521,38.58273456888745307192264845
2022-10-11,Sum,Chun,W,0,2149.228180636911,2124.105520597318688938010561,-25.12266003959233103591195988,2143.067792633536,2168.405979266811358017022884,25.33818663327525725109984587
2022-10-20,Anson,Mike,B,0,2087.7963373852517,2123.698905075606484436308068,35.90256769035476650332010981,2308.920053363865,2277.705314161168275017497034,-31.21473920269673356020739563
2022-10-28,早晨,Mike 11,W,0,1589.681246823958,1562.331464907199305701008673,-27.34978191675865728705222608,1646.4388079668954,1672.350931725354406906010423,25.91212375845899633324968457
2022-11-04,Bus,Chun,W,0,1975.534820510263,1962.696728725752355128793602,-12.83809178451063391737491160,2168.4059792668113,2180.382257600541578040606003,11.97627833373027756405867238
2022-11-04,Jak,Magic,B,0,2066.771675094064,2101.807505409795764075177481,35.03583031573177003702590388,2256.510230158122,2224.328811316454551028658739,-32.18141884166733429570392641
2022-11-07,GodFather,早晨,W,0,838.848317564369,829.9236759012634424194144427,-8.924641663105597736310645270,1562.3314649071992,1567.444943927680732791437347,5.113479020481499297553252941
2022-11-07,Tracy,Walter 3000,B,0,1041.7800171389447,1117.590751478439109956173372,75.81073433949442401682320657,1421.6283651044957,1365.166509913472700980168050,-56.46185519102304136354734205
2022-11-16,honpan,don,W,0,2032.8149570335866,2017.872276756235958969948184,-14.94268027735059294555678566,2168.4822640080206,2183.441998107253530991794321,14.95973409923293810926355725
2022-11-20,Sum,Rado,W,0,2124.105520597319,2093.816082633926517718080338,-30.28943796339238268176103020,2058.974010665367,2086.489041820626741526110476,27.51503115525960964795426105
2022-11-22,Anson,無敵,W,0,2123.6989050756065,2120.787870714998583850102868,-2.911034360607905994983021101,2512.214882560254,2513.747628466579399180771217,1.532745906325444600950360548
2022-11-23,Tracy,Mike 11,B,0,1117.5907514784392,1198.731458399661479546823361,81.14070692122229169753362336,1672.3509317253545,1621.600689911461938418901496,-50.75024181389254660568016731
2022-12-10,Mike,Interlude,B,0,2277.705314161168,2298.220384536315306589835306,20.51507037514711713245043654,2279.2605055521285,2258.795346886391269300483531,-20.46515866573723737837151563
2022-12-11,GodFather,Walter 3000,W,0,829.9236759012634,812.8225919931868291556186020,-17.10108390807660741613451619,1365.1665099134727,1376.736068637349878457226197,11.56955872387714143164024013
2022-12-14,don,Magic,W,0,2183.4419981072533,2162.993774393033213034435141,-20.44822371422009886598683604,2224.3288113164544,2243.592204314238392831073381,19.26339299778394444311527162
2022-12-15,Wing,Ramen,W,0,900.0,899.1737142195635646183044975,-0.8262857804364353816955025,2100.0,2100.408858983941886727994790,0.408858983941886727994790
2022-12-16,honpan,Chun,W,0,2017.872276756236,2004.232637856742823015368979,-13.63963889949321016407900719,2180.3822576005414,2193.558928179709295405874075,13.17667057916791604492631704
2022-12-17,Winnie,Bus,W,0,900.0,898.2514927452082957122454939,-1.7485072547917042877545061,1962.6967287257523,1963.554175786596605355595395,0.8574470608442686694675758791
2022-12-18,Tracy,Wai,W,0,1198.7314583996615,1197.057553491581321602300537,-1.673904908080184007100964715,2100.0,2101.024569778893128174596967,1.024569778893128174596967
2022-12-19,Jak,Mike,B,0,2101.807505409796,2142.735326201345931708090502,40.92782079155013715939086971,2298.220384536315,2267.486916215932942463966163,-30.73346832038218065007023315
2022-12-21,omgglol,Horace,B,0,2100.0,2126.371404464251693955663940,26.371404464251693955663940,2100.0,2073.628595535748306044336060,-26.371404464251693955663940
2022-12-27,Rado,Anson,B,0,2086.489041820627,2111.100089903137999211590902,24.61104808251111870367468992,2120.7878707149985,2092.578816122370622527291156,-28.20905459262783953550355917
2022-12-27,Horace,Wing,B,0,2073.6285955357484,2074.037849504051330271795335,0.4092539683028848719912942104,899.1737142195635,898.2146121208785293513305537,-0.9591020986849921589505806968
2022-12-30,Anson,Chun,B,0,2092.5788161223704,2121.353489332005421724730301,28.77467320963499526898482750,2193.5589281797093,2163.532557466686949165056056,-30.02637071302230618104099610
2023-01-01,don,Rado,B,0,2162.993774393033,2183.436947613412633298886073,20.44317322037946979327971972,2111.100089903138,2089.143735559383887073508270,-21.95635434375392688902207472
2023-01-02,Bus,Wai,W,0,1963.5541757865967,1946.913345301674325409277678,-16.64083048492239021563216997,2101.0245697788932,2117.809924473803873003257108,16.78535469491063547719423201
2023-01-02,Winnie,Ramen,W,0,898.2514927452083,897.4303636285957731386410248,-0.8211291166125652809747319203,2100.408858983942,2100.814471982099695987913843,0.4056129981576140107662340046
2023-01-03,honpan,Mike,W,0,2004.2326378567427,1995.812929890303277566909910,-8.419707966439435189476116740,2267.486916215933,2274.512265441429843327887958,7.025349225496864370462155054
2023-01-03,Jak,Magic,W,0,2142.7353262013457,2125.533292550634820860109156,-17.20203365071092158719258941,2243.592204314238,2258.459022654928912287306564,14.86681834069072419750370279
2023-01-06,Tracy,omgglol,W,0,1197.0575534915813,1195.626793983760858706499488,-1.430759507820443589754364546,2126.3714044642516,2127.215483613913247962281587,0.8440791496616933620856277896
2023-01-09,Ramen,omgglol,B,0,2100.8144719821,2129.205627104984652109198054,28.39115512288484868266225390,2127.2154836139134,2099.817789388923971881588822,-27.39769422498944853156628669
2023-01-14,Wing,Wai,W,0,898.2146121208785,897.4728251384597820679443347,-0.7417869824187595777078141726,2117.8099244738037,2118.167868768056230987093960,0.3579442942525550498604672680
2023-01-17,Magic,Rado,B,0,2258.459022654929,2269.323802877364902450199052,10.86478022243594423211999168,2089.143735559384,2077.622324525668562116693957,-11.52141103371535079750579760
2023-01-17,Mike,don,W,0,2274.51226544143,2248.070731611844503761741978,-26.44153382958541393884672516,2183.4369476134125,2213.734747731787901729369007,30.29780011837541650424285973
2023-01-18,Jak,Chun,B,0,2125.533292550635,2153.932766901463444280468409,28.39947435082844769329067045,2163.5325574666867,2136.588911527863850886473664,-26.94364593882288875802769427
2023-01-18,Horace,Bus,B,0,2074.0378495040513,2089.224448575813793128813122,15.18659907176245599378875324,1946.9133453016743,1929.129805752456299590876027,-17.78353954921802644687920903
2023-01-19,Anson,honpan,B,0,2121.353489332005,2138.262242155503694457941912,16.90875282349848385877836484,1995.8129298903032,1979.245298092014512503076953,-16.56763179828865425472645729
2023-01-21,Winnie,Tracy,B,0,897.4303636285957,973.9440506946811563659351493,76.51368706608542817887004341,1195.6267939837608,1133.732020581917524085149040,-61.89477340184323869994668148
2023-01-22,Chun,Magic,W,0,2136.5889115278637,2121.538176992051918726761512,-15.05073453581181040720766084,2269.323802877365,2281.722617646934394671056509,12.39881476956952532514566181
2023-01-25,Rado,Jak,W,0,2077.622324525669,2060.008799361660604546034377,-17.61352516400816873023133359,2153.9327669014633,2172.997688699041623001398430,19.06492179757831279625362230
2023-01-29,Ramen,Horace,B,0,2129.2056271049846,2151.591772150049228948757440,22.38614504506461438721270874,2089.2244485758138,2069.539653701396346384640877,-19.68479487441742070812722588
2023-01-31,Anson,Mike,W,0,2138.262242155504,2121.590634079956723381454915,-16.67160807554710385304237883,2248.0707316118446,2262.293462308519945469364553,14.22273069667532395795549383
2023-02-02,Wing,omgglol,W,0,897.4728251384598,896.6503082010126151606377072,-0.8225169374472100509743348396,2099.8177893889238,2100.156462771491945292863228,0.3386733825681886601421764262
2023-02-04,Winnie,Wai,W,0,973.9440506946812,973.0655458980095741753284172,-0.8785047966716351038958593427,2118.1678687680565,2118.613866258062149073397542,0.4459974900056982833703855278
2023-02-05,don,honpan,B,0,2213.734747731788,2222.860614066729033647082730,9.125866334940986115928723280,1979.2452980920145,1968.848229665147483450807095,-10.39706842686705299992633568
2023-02-05,Tracy,Bus,W,0,1133.7320205819176,1130.198491497062362752179909,-3.533529084855232584383044889,1929.1298057524564,1931.253897782511148485611562,2.124092030054771108809296356
2023-02-10,don,Chun,B,0,2222.860614066729,2238.287283445669548592405470,15.42666937894066307401850997,2121.538176992052,2103.724976730172525952359574,-17.81320026187930494125568672
2023-02-11,Magic,honpan,B,0,2281.7226176469344,2287.112707740434164563205200,5.390090093499769110942366286,1968.8482296651475,1961.952294957045682107720450,-6.895934708101845959161482318
2023-02-12,Tracy,Ramen,W,0,1130.1984914970624,1129.155298749014015916855718,-1.043192748048361758464303808,2151.591772150049,2152.157148815522137179904002,0.5653766654730274113159060966
2023-02-17,Jak,Anson,B,0,2172.9976886990416,2193.155909997884270246364089,20.15822129884262421423560594,2121.5906340799565,2099.941206654038449586795694,-21.64942742591809456892492735
2023-02-18,Winnie,Horace,W,0,973.0655458980095,971.9061573709496996218426404,-1.159388527059832189269897580,2069.539653701396,2070.062522307756401391574532,0.5228686063601825704009982027
2023-02-19,Mike,Rado,B,0,2262.29346230852,2271.627021199573972308486819,9.333558891054179594563439221,2060.0087993616607,2049.666514234758541213133082,-10.34228512690220791448961178
2023-02-20,Bus,Wing,B,0,1931.253897782511,1932.288066590166045162816174,1.034168807654941875709794133,896.6503082010126,894.6138667211710923984012497,-2.036441479841556680219348020
2023-02-22,omgglol,Wai,B,0,2100.156462771492,2127.951565250770358144811847,27.79510247927837019394480505,2118.613866258062,2091.499723167356294576838965,-27.11414309070569477922620398
2023-02-23,Mike,Magic,W,0,2271.627021199574,2252.119196688533886571015811,-19.50782451103995981735957560,2287.112707740434,2306.152648171131693620669970,19.03994043069773203108211764
2023-02-24,don,Anson,B,0,2238.2872834456693,2251.203248699892576606777277,12.91596525422323122371059299,2099.9412066540385,2086.847625958924366405009302,-13.09358069511415758821274092
2023-02-24,Jak,honpan,B,0,2193.1559099978845,2202.865767507525971786524631,9.709857509641507540070913649,1961.9522949570458,1950.991353809248889181226361,-10.96094114779686210788892636
2023-02-27,Chun,Rado,W,0,2103.7249767301723,2073.457295031591486256537240,-30.26768169858084329663288966,2049.6665142347583,2076.737846884370140812851185,27.07133264961181664841964284
2023-02-27,Ramen,Bus,B,0,2152.1571488155223,2163.295542556287409681750013,11.13839374076510459642626203,1932.288066590166,1920.001774272332866778487616,-12.28629231783308726106090772
2023-03-04,Winnie,omgglol,W,0,971.9061573709497,971.0807787175038540677749556,-0.8253786534458456575404848461,2127.9515652507703,2128.364476404997891846173886,0.4129111542276193046155160058
2023-03-05,Wai,Horace,W,0,2091.4997231673565,2067.907877201611937909203268,-23.59184596574454046129000991,2070.0625223077564,2094.327504310177882544105645,24.26498200242152928711451191
2023-03-09,Chun,Mike,B,0,2073.4572950315915,2107.624830661430766509606668,34.16753562983930971868632102,2252.119196688534,2220.247760142901477992209811,-31.87143654563249725578239164
2023-03-14,honpan,Rado,W,0,1950.991353809249,1933.226287196477850585602424,-17.76506661277109830616115138,2076.7378468843704,2091.928432956962712173190579,15.19058607259235633544498700
2023-03-14,Jak,don,B,0,2202.865767507526,2229.288038647083988716435187,26.42227113955797288271648480,2251.2032486998924,2226.618789868795830174634056,-24.58445883109652576939593086
2023-03-15,Anson,Magic,B,0,2086.8476259589243,2122.695664478993550731745934,35.84803852006929621281233977,2306.1526481711317,2274.885118150898010167351232,-31.26753002023364901536865430
2023-03-15,Bus,omgglol,W,0,1920.0017742723328,1906.740437899597764880832476,-13.26133637273503070921338590,2128.3644764049977,2140.611510915886675169770357,12.24703451088894401824542581
2023-03-18,Tracy,Horace,W,0,1129.155298749014,1127.699269814054777001991597,-1.456028934959259727940234360,2094.327504310178,2095.037802937207917584123654,0.7102986270298891936136462609
2023-03-18,Winnie,Wing,B,0,971.0807787175039,1016.154394531699079909984200,45.07361581419517604702216640,894.6138667211711,847.1491380038748073154307507,-47.46472871729631352836111784
2023-03-22,don,Magic,W,0,2226.618789868796,2208.078869394455720858339154,-18.53992047434010867572582436,2274.885118150898,2292.109258140348260260232791,17.22413998945020857923577695
2023-03-22,Steven,Michael Cheung,B,0,2500.0,2513.784380259964420081583523,13.784380259964420081583523,2500.0,2486.215619740035579918416477,-13.784380259964420081583523
2023-03-24,Mike,Bus,B,0,2220.2477601429014,2226.651469828766978713846554,6.403709685865608441107694943,1906.7404378995977,1898.716583142897770009177969,-8.023854756699966750282562175
2023-03-24,honpan,LY,B,0,1933.2262871964779,1946.714802638914729172350473,13.48851544243685951583143999,1700.0,1682.644323845876731091575249,-17.355676154123268908424751
2023-03-25,omgglol,Horace,B,0,2140.611510915887,2162.221861471212001971517792,21.61035055532519113629973496,2095.0378029372077,2075.883265593132466521718568,-19.15453734407527700378649792
2023-03-26,Jak,Wai,B,0,2229.288038647084,2241.257592315876275048794217,11.96955366879248026336356212,2067.907877201612,2055.421123286342566014518158,-12.48675391526931588652624055
2023-03-27,Rado,Chun,B,0,2091.9284329569628,2115.157649476637930836213644,23.22921651967517920412298605,2107.6248306614307,2080.326994370148397321103442,-27.29783629128228112567372294
2023-03-31,Anson,Sum,B,0,2122.6956644789934,2146.109260249039695382272317,23.41359577004627372898669440,2093.8160826339267,2073.533346802072164151911103,-20.28273583185456182355951441
2023-04-02,Magic,Mike,B,0,2292.109258140348,2307.733938799107589787353907,15.62468065875941529452535905,2226.651469828767,2209.371823638139487833422503,-17.27964619062746108841627228
2023-04-03,Michael Cheung,Rado,B,0,2486.2156197400354,2488.121054016640605179108641,1.905434276605169353987983318,2115.1576494766377,2111.682000373158931924848911,-3.475649103478811721430066394
2023-04-04,don,Jak,W,0,2208.0788693944555,2187.843176303715434702350180,-20.23569309074008873151207402,2241.257592315876,2260.518490949879479290813913,19.26089863400339773403364922
2023-04-04,Steven,Anson,B,0,2513.7843802599646,2515.495717113872294761509263,1.711336853907730586629920682,2146.10926024904,2142.947475242843083583832894,-3.161785006196751305284734336
2023-04-05,Tracy,Wing,W,0,1127.6992698140548,1064.029095852260134950574491,-63.67017396179465232480689528,847.1491380038748,924.4773464163345387834266557,77.32820841245975673985926272
2023-04-05,Chun,LY,B,0,2080.3269943701484,2085.821626976786149505842742,5.494632606637708711987626229,1682.6443238458767,1675.739890422679557940729936,-6.904433423197112079786094490
2023-04-10,Horace,Wai,W,0,2075.8832655931324,2051.881317088780615943398569,-24.00194850435174835831088923,2055.4211232863427,2080.068224288456121097516257,24.64710100211345804735271974
2023-04-10,honpan,Sum,W,0,1946.7148026389148,1928.905126157597741498303593,-17.80967648131702020271309386,2073.533346802072,2088.748708872020677818946171,15.21536206994850393224656899
2023-04-11,Bus,omgglol,W,0,1898.7165831428977,1888.084665670071656076848173,-10.63191747282600559663899108,2162.221861471212,2171.363907567529281365013920,9.142046096317358020487480095
2023-04-12,Jak,Magic,W,0,2260.5184909498794,2242.940597730674972688539100,-17.57789321920440591569789021,2307.7339387991074,2324.051866794385374936575021,16.31792799527801134350890979
2023-04-14,Horace,Mike,W,0,2051.8813170887806,2038.773026722544148794579466,-13.10829036623648484496478258,2209.3718236381396,2222.048360570079412567692976,12.67653693193978163789322555
2023-04-16,Chun,Sum,B,0,2085.8216269767863,2108.403884298008548254597189,22.58225732122222868072167235,2088.748708872021,2066.253492858556990306973997,-22.49521601346388002376949465
2023-04-17,honpan,Steven,W,0,1928.9051261575978,1927.834440869351611392012924,-1.070685288246194621641993479,2515.495717113872,2516.021598235033400897389839,0.5258811211612403443889716332
2023-04-18,omgglol,don,W,0,2171.363907567529,2148.686329970125513533772534,-22.67757759740365432976781739,2187.8431763037156,2209.993292866669166889658096,22.15011656295355807935063796
2023-04-20,Wai,Bus,B,0,2080.068224288456,2092.000979079583217668296466,11.93275479112732310215539706,1888.0846656700717,1873.008264173430620664415087,-15.07640149664105147445933203
2023-04-20,Michael Cheung,Anson,B,0,2488.1210540166408,2490.302271526679396695704931,2.181217510038641260485896447,2142.947475242843,2139.102638997723609029901649,-3.844836245119602132933710573
2023-04-23,LY,Rado,W,0,1675.7398904226795,1669.982932163896928609315343,-5.756958258782608031910807095,2111.682000373159,2116.919544497583946210448972,5.237544124424847538699737800
2023-04-24,Horace,don,W,0,2038.773026722544,2026.171176375428680653937117,-12.60185034711536504291281776,2209.993292866669,2221.967121435820531553220612,11.97382856915155113009237964
2023-04-26,Chun,Steven,W,0,2108.4038842980085,2105.761915835404839097462827,-2.641968462603667350778123704,2516.0215982350333,2517.373694646385763047582255,1.352096411352510625582904810
2023-04-27,Elise,Tracy,W,0,900.0,859.6461427687041364039861585,-40.3538572312958635960138415,1064.02909585226,1100.061472049875586771800070,36.03237619761551638452604313
2023-04-28,Wai,Magic,W,0,2092.0009790795834,2083.851967066137729126517893,-8.149012013445701448921813445,2324.051866794385,2331.003109506055469784938906,6.951242711670264645532880590
2023-04-28,早晨,CCB,B,0,1567.4449439276807,1573.311221867442737293399080,5.866277939762040277796007059,900.0,890.1189897088509672409045391,-9.8810102911490327590954609
2023-04-29,Winnie,Wormwood,B,0,1016.154394531699,1086.735744220779992755057579,70.58134968908095248342474001,1300.0,1242.921682051249215911796145,-57.078317948750784088203855
2023-05-01,honpan,Anson,W,0,1927.8344408693515,1914.937117634403530463976170,-12.89732323494798016391756100,2139.1026389977237,2150.946696999279742340044893,11.84405800155602646544560013
2023-05-02,omgglol,Mike,W,0,2148.6863299701254,2129.594744919019373864835113,-19.09158505110599702692964702,2222.0483605700792,2239.231043347750541182426022,17.18268277767130163144807667
2023-05-03,LY,Michael Cheung,W,0,1669.982932163897,1669.557749342917850823558974,-0.4251828209791250842873799481,2490.3022715266793,2490.510469356609661474845728,0.2081978299303557949824091991
2023-05-06,Jak,Bus,B,0,2242.940597730675,2247.635581479972100620272874,4.694983749296992296933501127,1873.0082641734307,1866.684609429430074485642350,-6.323654744000614484614246804
2023-05-09,Sum,Rado,W,0,2066.253492858557,2046.627942512681754469503740,-19.62555034587515603578174658,2116.919544497584,2138.941934031841677549558515,22.02238953425772115009167259
2023-05-12,Magic,Horace,B,0,2331.0031095060554,2335.815443514320554698120528,4.812334008265202158132293361,2026.1711763754288,2019.959105274357490049552407,-6.212071101071295782347906497
2023-05-12,Chun,Anson,W,0,2105.761915835405,2083.104212675372233609253013,-22.65770316003280054935865714,2150.9466969992795,2172.248418227255606688423900,21.30172122797606825698621391
2023-05-12,Tracy,CCB,W,0,1100.0614720498756,1039.384770816924611289870336,-60.67670123295103562704625791,890.118989708851,960.3223738770111742652168458,70.20338416816015637058605977
2023-05-13,omgglol,Jak,B,0,2129.5947449190194,2163.949117334903514566846881,34.35437241588413802792014548,2247.635581479972,2218.654816330908981069104154,-28.98076514906320732098877024
2023-05-13,Winnie,早晨,W,0,1086.73574422078,1072.729217365150483007583895,-14.00652685562942374703089031,1573.3112218674428,1582.726209033976462027906338,9.414987166533679787219399833
2023-05-13,Bus,Hikarunsai,W,0,1866.68460942943,1862.335145452264683428792997,-4.349463977165427620648623708,2300.0,2302.934067910406469583080537,2.934067910406469583080537
2023-05-14,Bus,don,W,0,1862.3351454522647,1855.432414121707510006988238,-6.902731330557159067805108226,2221.9671214358204,2227.193022419252465497509868,5.225900983432020311982662533
2023-05-14,PCW,don,B,0,2300.0,2314.948922222052914696237030,14.948922222052914696237030,2227.1930224192524,2210.465006791655361525902981,-16.72801562759706771890400903
2023-05-15,Steven,Rado,B,0,2517.373694646386,2518.956537588980702704852272,1.582842942594745974624354567,2138.941934031842,2135.966728162177777267472795,-2.975205869664033525211760054
2023-05-15,honpan,Michael Cheung,W,0,1914.9371176344034,1913.678667038103040641090479,-1.258450596300380465890634553,2490.5104693566095,2491.149915848940365300720242,0.6394464923308459915888134006
2023-05-16,Mike,Wai,B,0,2239.2310433477505,2251.246510108423338247400591,12.01546676067280976468033515,2083.8519670661376,2071.391210136198042035985848,-12.46075692993956194287341268
2023-05-16,Steven,honpan,B,0,2518.9565375889806,2519.426083087111363235565296,0.4695454981307540919468017278,1913.678667038103,1912.698729571776834498071127,-0.9799374663261235331604104613
2023-05-17,keith,蘋果糖,W,0,2100.0,2073.628595535748306044336060,-26.371404464251693955663940,2100.0,2126.371404464251693955663940,26.371404464251693955663940
2023-05-17,Horace,Michael Cheung,W,0,2019.9591052743574,2018.074450978664726710354347,-1.884654295692671519413221409,2491.1499158489405,2492.234950603588945108788054,1.085034754648436086574535380
2023-05-18,Anson,Pepe,W,0,2172.2484182272556,2143.261970097814010669885874,-28.98644812944155927566930631,2100.0,2132.014261196705528174475727,32.014261196705528174475727
2023-05-18,Mike,Wai,B,0,2251.2465101084235,2261.801117516099419162900371,10.55460740767588345083705847,2071.391210136198,2060.060812377383809318969566,-11.33039775881416008577814363
2023-05-19,Chun,Rado,B,0,2083.1042126753723,2109.042995644763005553021376,25.93878296939069594859453009,2135.966728162178,2106.975270509455226401819630,-28.99145765272256105158220377
2023-05-20,CCB,Wormwood,W,0,960.3223738770112,930.7647028113421710563983693,-29.55767106566898843672388054,1242.9216820512493,1266.977598083641104905364953,24.05591603239184173751800509
2023-05-21,LY,Sum,W,0,1669.5577493429178,1661.695569354876946529301619,-7.862179988040812820500889950,2046.6279425126818,2053.079912443865551732836897,6.451969931183767595451930984
2023-05-21,Elise,Wormwood,W,0,859.6461427687042,835.7992825976049105030071411,-23.84686017109927002266687791,1266.9775980836412,1284.782278403060706829214696,17.80468031941953776034549267
2023-05-21,Elise,Tracy,W,0,835.7992825976049,796.4918620955758548008946895,-39.30742050202907412293430349,1039.3847708169246,1073.626481673112612030052929,34.24171085618798314109758921
2023-05-22,Wormwood,Kyoto,W,0,1284.7822784030607,1271.412988347413810996408099,-13.36929005564686164823408269,1700.0,1711.553010634973279822955578,11.553010634973279822955578
2023-05-22,Horace,don,W,0,2018.0744509786648,2006.221505550563718295701499,-11.85294542810108125403178959,2210.4650067916555,2221.430115435180263773225535,10.96510864352479478592454299
2023-05-23,honpan,Wai,W,0,1912.6987295717768,1895.347786640790158196892078,-17.35094293098660833683847360,2060.0608123773836,2074.558223146387092463301434,14.49741076900346558224590011
2023-05-24,Chun,Michael Cheung,W,0,2109.042995644763,2105.815530672949697695583805,-3.227464971813170628012389386,2492.234950603589,2493.969089572516212965170401,1.734138968927299456013846063
2023-05-25,Anson,Rado,B,0,2143.261970097814,2165.450874158230411611193789,22.18890406041651081822253560,2106.975270509455,2083.662228649426940254814254,-23.31304186002824541978232388
2023-05-26,Chun,Steven,W,0,2105.8155306729495,2103.276947084020760758149669,-2.538583588928774315562799147,2519.4260830871112,2520.711783117938838734131351,1.285700030827601187935143596
2023-05-27,Mike,Jak,B,0,2261.8011175160996,2279.756860670702232598620655,17.95574315460266632499657756,2218.654816330909,2199.490318074473346944442699,-19.16449825643559625604121919
2023-05-28,CCB,Elise,B,0,930.7647028113422,973.0216801946705858209656516,42.25697738332838196230791154,796.4918620955758,750.3384588714575038820681216,-46.15340322411830762668381838
2023-05-28,Hikarunsai,PCW,B,0,2302.9340679104066,2323.372075922776372531722537,20.43800801236976134131220611,2314.9489222220527,2294.903539065794908552737724,-20.04538315625780681676249582
2023-05-28,Pepe,don,B,0,2132.0142611967053,2164.132102658389362227627856,32.11784146168404233803957449,2221.43011543518,2193.155054481552546460332764,-28.27506095362759504289138535
2023-05-29,Analogman,Elise,W,0,900.0,835.5864064955510396931320320,-64.4135935044489603068679680,750.3384588714575,821.2981300831229373150636230,70.95967121166540436461947601
2023-05-29,Wai,Wormwood,B,0,2074.5582231463873,2075.854471143376256504478015,1.296247996988993390612386161,1271.4129883474138,1269.090146619860248370670247,-2.322841727553581244436559159
2023-05-30,Horace,Bus,B,0,2006.2215055505637,2021.892906190630801854901974,15.67140064006706807752142558,1855.4324141217076,1836.737971809264005479952980,-18.69444231244354663268597035
2023-06-01,Wai,don,W,0,2075.854471143376,2060.849534052754165040426504,-15.00493709062186620980073871,2193.1550544815527,2208.480792656654840192332010,15.32573817510211558224920484
2023-06-01,CCB,Anson,W,0,973.0216801946706,972.3615473709109658648320490,-0.6601328237596141570885649445,2165.4508741582304,2165.764615779423522185069147,0.3137416211931593758059772345
2023-06-01,Magic,Mike,W,0,2335.8154435143206,2313.604805456310837904301699,-22.21063805800973947408306996,2279.7568606707023,2304.069418638358338954844047,24.31255796765605804159725146
2023-06-02,keith,Bus,B,0,2073.6285955357484,2083.871877864263823831387825,10.24328232851537843158378421,1836.737971809264,1823.149854651058935660486431,-13.58811715820514579702695352
2023-06-02,Tracy,Michael Cheung,W,0,1073.6264816731127,1073.549487008880934888619588,-0.07699466423178629378636063892,2493.969089572516,2493.991817391365701241637777,0.02272781884953312318326106601
2023-06-04,honpan,Rado,W,0,1895.3477866407902,1880.224745984581356208301747,-15.12304065620886216266486629,2083.662228649427,2095.674240066687063858750013,12.01201141725995728387377906
2023-06-04,Sum,Steven,B,0,2053.0799124438654,2098.136086527459427205191483,45.05617408359403100637488554,2520.711783117939,2495.225251463668846090289453,-25.48653165427007525999782053
2023-06-05,Magic,omgglol,B,0,2313.6048054563107,2324.055975095381447304745891,10.45116963907073294255671730,2163.9491173349033,2150.847653146101258961661256,-13.10146418880208985769143041
2023-06-07,蘋果糖,keith,B,0,2126.3714044642516,2148.669349214950215558043241,22.29794475069866095784728179,2083.8718778642638,2064.202010699386245716233553,-19.66986716487750597334392219
2023-06-08,Sum,Michael Cheung,W,0,2098.1360865274596,2095.602528912670656761244008,-2.533557614788954045301234667,2493.9918173913657,2495.596121439810472039662912,1.604304048444814653758570064
2023-06-08,蘋果糖,Mike,W,0,2148.66934921495,2135.538651562041175664651251,-13.13069765290904060004554077,2304.0694186383585,2314.481419703112589551576981,10.41200106475413303237744575
2023-06-08,Hikarunsai,Michael Cheung,B,0,2323.3720759227763,2353.547051824259317372969569,30.17497590148304182574826601,2495.5961214398103,2473.473379097427785647533978,-22.12274234238251820722207926
2023-06-10,Tracy,Winnie,W,0,1073.549487008881,1026.224290321155040332956830,-47.32519668772594722672120299,1072.7292173651506,1120.082314039764979203085841,47.35309667461439010009025908
2023-06-12,LY,Anson,W,0,1661.6955693548769,1657.596682238902638535926653,-4.098887115974213694591471998,2165.7646157794234,2169.178517027701428595349745,3.413901248278062702041671718
2023-06-12,Jak,Horace,B,0,2199.490318074473,2211.418817905434281505616533,11.92849983096110162881218119,2021.8929061906308,2009.264109057683959649256740,-12.62879713294685102071582130
2023-06-13,Bus,Magic,W,0,1823.1498546510588,1819.954023574334657880028938,-3.195831076724173343024919684,2324.0559750953817,2326.032519741862138517518590,1.976544646480483834949384239
2023-06-14,Pepe,Wai,B,0,2164.132102658389,2181.147327739037391004058335,17.01522508064823298100269216,2060.8495340527543,2044.551680804042273222445790,-16.29785324871200617824187475
2023-06-15,Mike,don,B,0,2314.481419703113,2327.123984721558326240720186,12.64256501844552022181260920,2208.480792656655,2193.593295175087002211973434,-14.88749748156801003960297474
2023-06-15,Anson,Rado,B,0,2169.178517027701,2187.958006638864131048284683,18.77948961116291258131175078,2095.674240066687,2078.365621025793462101355888,-17.30861904089369964181935037
2023-06-23,Mike,Hikarunsai,B,0,2327.1239847215584,2347.786165992878177866559138,20.66218127131980560928176850,2353.547051824259,2333.775415293881017473402109,-19.77163653037812497618919983
2023-06-25,LY,Steven,W,0,1657.5966822389025,1657.205322696566777107410409,-0.3913595423357539184044148063,2495.225251463669,2495.412741602363726069561257,0.1874901386948431354174902392
2023-06-28,omgglol,Wai,B,0,2150.847653146101,2168.069444657528778665798404,17.22179151142774051950002529,2044.5516808040422,2028.017942806587463105960311,-16.53373799745477163437611460
2023-06-29,Kyoto,早晨,B,0,1711.5530106349734,1736.805574642451309379779198,25.25256400747794793186003787,1582.7262090339764,1559.839551396723283375321725,-22.88665763725309110974257291
2023-06-30,Anson,Steven,W,0,2187.958006638864,2183.567206443854825112301451,-4.390800195009110110314968196,2495.412741602364,2498.028916750738363297659080,2.616175148374468953351597757
2023-07-04,Steven,Pepe,B,0,2498.0289167507385,2500.481021349839047863462760,2.452104599100530569523393063,2181.1473277390373,2176.969777294412042361044090,-4.177550444625294507888380679
2023-07-05,honpan,Chun,W,0,1880.2247459845814,1866.872469717366597451469030,-13.35227626721483446090565272,2103.276947084021,2115.466142599015983602467577,12.18919551499520765591191783
2023-07-07,Mike,Steven,W,0,2347.786165992878,2339.504778018909669510265457,-8.281387973968398699127492939,2500.481021349839,2506.742169733050443659389987,6.261148383211432423063218006
2023-07-09,Winnie,Elise,B,0,1120.082314039765,1146.514123871867972972547987,26.43180983210304895402060588,821.2981300831229,788.8356556738151872732459549,-32.46247440930775459583224914
2023-07-10,Rado,Michael Cheung,W,0,2078.3656210257936,2075.609485653010283581276950,-2.756135372783360057913172485,2473.473379097428,2475.243434055394306471218430,1.770054957966482890416943031
2023-07-11,Wormwood,CCB,B,0,1269.0901466198602,1291.771701329033660938019681,22.68155470917345438197888734,972.361547370911,944.1496287557131274668221976,-28.21191861519788450028731866
2023-07-12,Tracy,Analogman,W,0,1026.224290321155,963.9212005434242533900279702,-62.30308977773071399694605159,835.586406495551,906.4552167333138497413233262,70.86881023776280400467611518
2023-07-12,Mike,Anson,B,0,2339.5047780189097,2349.057791718009825209931312,9.553013699100078603562740480,2183.567206443855,2171.414298671544421148596899,-12.15290777231053573906551174
2023-07-13,Hera,Kyoto,W,0,1300.0,1287.958071978973519162626621,-12.041928021026480837373379,1736.8055746424513,1746.953536893797372841975330,10.14796225134602559718830008
2023-07-13,don,Steven,W,0,2193.593295175087,2189.482986232622984523605683,-4.110308942463966097729152887,2506.7421697330506,2509.155816854633279917787272,2.413647121582720474132779503
2023-07-13,Horace,honpan,B,0,2009.264109057684,2025.297841511368034875298503,16.03373245368405335680453773,1866.8724697173666,1847.916301398772673536119727,-18.95616831859391098233896722
2023-07-14,Steven,Mike,B,0,2509.1558168546335,2514.995881291955511644998065,5.840064437322026154076180225,2349.05779171801,2341.214131745079256217098426,-7.843659972930610382360775097
2023-07-15,Chun,Stanley,B,0,2115.466142599016,2140.123899642399508980718251,24.65775704338334292141794754,2100.0,2074.825109109605793523409564,-25.174890890394206476590436
2023-07-17,Magic,Jak,B,0,2326.032519741862,2337.914343594178340218993192,11.88182385231637928102566807,2211.4188179054345,2197.222056112065919854302984,-14.19676179336856019906969714
2023-07-20,Analogman,Wormwood,B,0,906.4552167333138,988.5575950519765398775465909,82.10237831866272125528251115,1291.7717013290337,1229.771917128293464276115605,-61.99978420074023931078593307
2023-07-23,Isaac,Bus,B,0,2100.0,2109.873825747759241993246779,9.873825747759241993246779,1819.9540235743348,1808.444574134963134868520533,-11.50944943937163449569303795
2023-07-24,Michael Cheung,Mike,B,0,2475.243434055394,2482.724540971436664900732317,7.481106916042546569126748472,2341.214131745079,2331.694958966077293861883492,-9.519172779001863691962524526
2023-07-24,Stanley,Isaac,W,0,2074.825109109606,2054.406593389365617500123469,-20.41851572024020145766540074,2109.8738257477594,2133.264206170322836956162196,23.39038042256345358063858410
2023-07-25,Alfred,Chun,B,0,2100.0,2129.495633164374504718530103,29.495633164374504718530103,2140.1238996423995,2112.190339562794251073969180,-27.93356007960521386365627288
2023-07-27,Jak,don,B,0,2197.2220561120657,2219.695213455683553969320313,22.47315734361782457523088243,2189.482986232623,2166.756958896345095801089248,-22.72602733627771090933465368
2023-07-28,Anson,Magic,B,0,2171.414298671544,2207.439522176285712331227273,36.02522350474151025169646765,2337.9143435941783,2310.008612957048179309257364,-27.90573063713008341039432017
2023-07-31,Steven,Rado,B,0,2514.9958812919554,2516.136159482418642661215910,1.140278190463286087762736959,2075.6094856530103,2073.674372319441124566815724,-1.935113333569199746256763712
2023-08-06,Bus,Horace,W,0,1808.4445741349632,1792.896202851967674652476913,-15.54837128299552976233966026,2025.297841511368,2037.390333896683482914949934,12.09249238531547717472648155
2023-08-14,Tracy,早晨,W,0,963.9212005434242,952.3960080990033045071255915,-11.52519244442091557918260469,1559.8395513967232,1567.034224639199659201609036,7.194673242476450092568127485
2023-08-15,Magic,Michael Cheung,B,0,2310.008612957048,2340.745580073747517419877258,30.73696711669934575435778206,2482.7245409714365,2460.107265915485184692568465,-22.61727505595126943613836276
2023-08-15,Alfred,honpan,B,0,2129.4956331643743,2138.674180388196301600334222,9.178547223821961915024543684,1847.9163013987727,1837.117327800878601420485332,-10.79897359789410124830816747
2023-08-18,Mike,Steven,W,0,2331.694958966077,2324.751821011108575448922226,-6.943137954968562580582341385,2516.136159482419,2521.087482904698892466669417,4.951323422280031022794059491
2023-08-18,Pepe,Alfred,W,0,2176.969777294412,2150.481436861413394925541503,-26.48834043299847473587535543,2138.6741803881964,2166.622452934562099123697190,27.94827254636568033424897344
2023-08-18,don,Mike,W,0,2166.756958896345,2154.290685548773140449231489,-12.46627334757202743723429889,2324.7518210111084,2334.555836414658258366938276,9.804015403549853875841540999
2023-08-19,Winnie,CCB,W,0,1146.514123871868,1088.063917881224213351509073,-58.45020599064370994734158256,944.1496287557131,1011.632744646255752109344737,67.48311589054261394753555334
2023-08-20,Steven,Jak,B,0,2521.087482904699,2523.517153334145286593405874,2.429670429446441361500294433,2219.6952134556836,2215.594687588837485487782299,-4.100525866846157190413311642
2023-08-21,Chun,Bus,B,0,2112.190339562794,2120.434561932192339125884597,8.244222369398160052349691090,1792.8962028519677,1782.840728817355610549956105,-10.05547403461209000340335881
2023-08-21,Horace,Isaac,B,0,2037.3903338966834,2067.655881874406795841004409,30.26554797772340870282211165,2133.2642061703227,2101.256448787741136746725885,-32.00775738258158600864663926
2023-08-22,Pepe,Stanley,B,0,2150.4814368614134,2168.360288692940509082524578,17.87885183152712359629432383,2054.4065933893658,2037.465755835420746209642830,-16.94083755394500674555732061
2023-08-22,Hera,早晨,W,0,1287.9580719789735,1267.044987426780343750953639,-20.91308455219317750342100665,1567.0342246391997,1583.503057735490444052966292,16.46883309629075173358617256
2023-08-23,Analogman,Kyoto,W,0,988.5575950519766,982.7143411218149685689424481,-5.843253930161622525047106693,1746.9535368937973,1750.819404429168260175303656,3.865867535370996701332840461
2023-08-24,Rado,Anson,W,0,2073.6743723194413,2059.649086690749038823432556,-14.02528562869227899003840366,2207.4395221762857,2221.430125783068051128257845,13.99060360678238753772418614
2023-08-25,honpan,Pepe,B,0,1837.1173278008787,1888.879976189049884454928838,51.76264838817120068042961536,2168.3602886929407,2127.169924852430727820492021,-41.19036384050995717535480186
2023-08-25,CCB,Wormwood,W,0,1011.6327446462558,978.8873474310813386075993479,-32.74539721517444869432566308,1229.7719171282934,1257.667678303561455039496359,27.89576117526810202300810493
2023-08-28,Wormwood,Kyoto,W,0,1257.6676783035614,1247.273198150151948537215997,-10.39448015340943948295485554,1750.8194044291683,1759.169160885252247121598790,8.349756456083903126483070264
2023-08-29,Isaac,Alfred,B,0,2101.256448787741,2132.685118570880047321319469,31.42866978313885525776993551,2166.6224529345623,2137.890621267200950436456233,-28.73183166736131092540536847
2023-08-29,早晨,Kyoto,W,0,1583.5030577354905,1563.579013197349496615626343,-19.92404453814103239654148329,1759.1691608852523,1780.123144581311508795485270,20.95398369605924110569189934
2023-08-31,Magic,Steven,W,0,2340.7455800737475,2333.908712530752128010341684,-6.836867542995404868427877648,2523.5171533341454,2528.392147019436612718738648,4.874993685291207621805402341
2023-08-31,Chun,Pepe,W,0,2120.4345619321925,2095.292146406635522635001143,-25.14241552555701427995281897,2127.1699248524305,2152.083031543346793471692136,24.91310669091625313097239144
2023-08-31,CCB,Hera,B,0,978.8873474310814,1051.297875895407388340136618,72.41052846432602207325596793,1267.0449874267804,1208.472698521848662375683112,-58.57228890493171832584668144
2023-09-01,Michael Cheung,Anson,B,0,2460.107265915485,2464.516146691384053747860914,4.408880775898867478354101904,2221.430125783068,2214.851616477453398846810617,-6.578509305614579926222629398
2023-09-02,Hera,CCB,B,0,1208.4726985218488,1240.619333474686537189023148,32.14663495283776737419939387,1051.2978758954073,1015.199725832698022815403148,-36.09815006270926450122651511
2023-09-04,Rado,don,B,0,2059.649086690749,2089.095509193295748178295128,29.44642250254690289302476491,2154.290685548773,2123.169109511105474302002695,-31.12157603766765205453382751
2023-09-05,Analogman,Hera,B,0,982.714341121815,1052.802337015968340342819913,70.08799589415335812665497762,1240.6193334746865,1182.589017717209806721275554,-58.03031575747672083069116533
2023-09-06,Stanley,Horace,W,0,2037.4657558354209,2015.643198200729830650327015,-21.82255763469101976666763864,2067.655881874407,2088.649523406706888706252726,20.99364153229990195279643146
2023-09-06,Wormwood,早晨,W,0,1247.273198150152,1227.633715430888196927061765,-19.63948271926378708236432214,1563.5790131973495,1578.605181268158660023963007,15.02616807080919192337982621
2023-09-06,CCB,Analogman,B,0,1015.199725832698,1067.319372187319432542139127,52.11964635462138254341336255,1052.8023370159683,1002.048332734494302195582762,-50.75400428147400322699245102
2023-09-08,Jak,Mike,W,0,2215.5946875888376,2201.817635654273076890652468,-13.77705193456451020933554551,2334.555836414658,2345.995496903624760651026069,11.43966048896657264604806788
2023-09-10,honpan,Bus,B,0,1888.8799761890498,1910.289712370949288120334592,21.40973618189950331319551571,1782.8407288173555,1758.799377819110000717898076,-24.04135099824551091939006972
2023-09-12,Anson,Jak,W,0,2214.8516164774533,2191.463488862391959002554352,-23.38812761506130362992553918,2201.817635654273,2225.656853075378351314147419,23.83921742110526127406903234
2023-09-13,Steven,Michael Cheung,B,0,2528.392147019437,2537.871288750694844375491667,9.479141731258010432018491832,2464.516146691384,2453.750619749306016900367228,-10.76552694207814812355196694
2023-09-13,Hera,Analogman,B,0,1182.5890177172098,1214.044325764298261547657618,31.45530804708846231790813960,1002.0483327344944,966.1932186637168980178035254,-35.85511407077745380775691770
2023-09-16,honpan,Chun,W,0,1910.2897123709492,1895.340229059475260844332083,-14.94948331147398533416547732,2095.2921464066353,2107.186973495159757802920747,11.89482708852444680729541500
2023-09-16,Pepe,Isaac,W,0,2152.083031543347,2126.079944056487956285658942,-26.00308748685884956159098314,2132.68511857088,2159.394817427881480182479737,26.70969885700133069134843131
2023-09-17,don,Magic,W,0,2123.1691095111055,2112.903237262270633383853199,-10.26587224883485583475434590,2333.908712530752,2341.395274520139493513616021,7.486561989387566252608071290
2023-09-17,Horace,Alfred,W,0,2088.649523406707,2069.557636916844600336577721,-19.09188648986237561102213705,2137.890621267201,2159.329081812258537918485933,21.43846054505762463823729103
2023-09-18,Analogman,CCB,B,0,966.193218663717,1024.995047904615392637576824,58.80182924089844467941244127,1067.3193721873195,1012.540943886508562854141631,-54.77842830081089619023289455
2023-09-20,Kyoto,Wormwood,B,0,1780.1231445813114,1786.694325944700912722581474,6.571181363389504903424007708,1227.6337154308883,1219.000224698554229917130861,-8.633490732334057383928019985
2023-09-22,Mike,Rado,B,0,2345.995496903625,2351.788110918989864524612134,5.792614015365038733854820629,2089.0955091932956,2082.026012609648905081335955,-7.069496583646678746085114145
2023-09-28,早晨,Wormwood,B,0,1578.6051812681587,1591.725871344179372296837721,13.12069007602064155163858456,1219.0002246985541,1201.226307847458974296018325,-17.77391685109514625437945852
2023-10-02,Winnie,Elise,W,0,1088.0639178812241,1021.786920244478572941036664,-66.27699763674556960654374952,788.8356556738152,870.0302147256043377384535239,81.19455905178918380637105712
2023-10-05,Jak,Michael Cheung,W,0,2225.6568530753784,2218.659707669804918727284873,-6.997145405573502908547764548,2453.750619749306,2458.526896160117852315502420,4.776276410811627767011701993
2023-10-05,Alfred,Bus,B,0,2159.3290818122587,2164.603581294585158090525704,5.274499482326493804761605833,1758.79937781911,1751.685308406111009174980986,-7.114069412999068150622938692
2023-10-07,Isaac,Chun,W,0,2159.3948174278817,2131.302804513866181590990866,-28.09201291401548070630454046,2107.1869734951597,2137.364393810037786714249413,30.17742031487809563100443362
2023-10-10,Pepe,Horace,B,0,2126.079944056488,2147.387286821406820043078391,21.30734276491894498383137409,2069.557636916845,2050.413999920941665121519122,-19.14363699590312032478198064
2023-10-10,Winnie,Tracy,B,0,1021.7869202444786,1065.691106946227453435244957,43.90418670174890196806284228,952.3960080990033,906.3327413888195681400898829,-46.06326671018375664710076676
2023-10-10,PCW,Rado,B,0,2294.903539065795,2303.114871430263479030394446,8.211332364468448847468461737,2082.026012609649,2072.720917513396364301422150,-9.305095096252750591395883695
2023-10-11,Kuroba,Chun,W,0,2100.0,2076.536360862620570977585548,-23.463639137379429022414452,2137.3643938100377,2159.670058423058968362135275,22.30566461302131388682632028
2023-10-12,Rado,Magic,W,0,2072.720917513396,2065.857143141336560621346288,-6.863774372059655614941439952,2341.3952745201395,2346.942275187481692224672914,5.547000667342154880451888295
2023-10-13,Mike,Steven,W,0,2351.78811091899,2345.343471952670807830705552,-6.444638966318979193041787845,2537.871288750695,2542.414838369607996523065016,4.543549618913066464393854468
2023-10-13,Mike,Chiwing,W,0,2345.343471952671,2324.109521452440551559573797,-21.23395050023027341636567055,2300.0,2322.870484549514008513140721,22.870484549514008513140721
2023-10-13,Anson,Jak,B,0,2191.463488862392,2216.707638493270639478010125,25.24414963087879808388184710,2218.659707669805,2194.399162263591857812982112,-24.26054540621304443952621536
2023-10-15,無敵,CCB,B,0,2513.7476284665795,2513.762819481119023107970340,0.01519101453952389005592261395,1012.5409438865086,1012.485024590183968734984755,-0.05591929632458889036299339878
2023-10-17,Anson,don,B,0,2216.7076384932707,2232.161679456283598889937105,15.45404096301292015320196968,2112.9032372622705,2095.012560767849044347343015,-17.89067649442147813115922876
2023-10-17,honpan,Magic,W,0,1895.3402290594752,1891.829438384546650677260324,-3.510790674928526887048654617,2346.9422751874818,2349.207248453021558898108683,2.264973265539803914799026618
2023-10-18,Michael Cheung,don,B,0,2458.5268961601178,2460.766246549614431412340023,2.239350389496673440010168035,2095.012560767849,2091.697828501796643160988388,-3.314732266052565626095237793
2023-10-19,Horace,Chun,W,0,2050.4139999209415,2034.228890316945058501293614,-16.18510960399641969314244440,2159.670058423059,2176.447274338207462348868664,16.77721591514857216424826870
2023-10-19,honpan,Isaac,W,0,1891.8294383845466,1879.716605250983601517448157,-12.11283313356301848258920766,2131.3028045138662,2142.089831516971771884253651,10.78702700310552270338910828
2023-10-21,Elise,Hera,W,0,870.0302147256043,842.2308763064847292851991691,-27.79933841911958064806091410,1214.0443257642983,1235.819477190930617126640342,21.77515142663235272374417615
2023-10-21,Kyoto,早晨,B,0,1786.694325944701,1805.792339806868748229956810,19.09801386216779868109672946,1591.7258713441793,1573.178274969426189590030661,-18.54759637475307831771733783
2023-10-24,Jak,Rado,W,0,2194.3991622635917,2162.778522781280239322671463,-31.62063948231149446756413091,2065.8571431413366,2097.277905804481978415652652,31.42076266314541397537245295
2023-10-24,Steven,Anson,B,0,2542.414838369608,2544.511042048918566646358449,2.096203679310688525043878692,2232.1616794562838,2228.531300623755813233266708,-3.630378832527950778192717092
2023-10-24,Magic,Mike,B,0,2349.2072484530217,2365.725883906991879797183104,16.51863545397013180574042364,2324.1095214524407,2306.887722354362513209926224,-17.22179909807821787195254242
